Index;CaptureDatetime;CaptureEpochMs;ReceivedEpochMs;DeviceFrame;ByteLength;Filename
1;5/31/2026, 6:46:00 PM;1780245960562;1780245960526;197;11902;images/frame-000001-1780245960562.jpg
2;5/31/2026, 6:46:01 PM;1780245961561;1780245961544;198;12113;images/frame-000002-1780245961561.jpg
3;5/31/2026, 6:46:02 PM;1780245962561;1780245962534;199;12074;images/frame-000003-1780245962561.jpg
4;5/31/2026, 6:46:03 PM;1780245963561;1780245963538;200;12111;images/frame-000004-1780245963561.jpg
5;5/31/2026, 6:46:04 PM;1780245964561;1780245964739;201;12060;images/frame-000005-1780245964561.jpg
6;5/31/2026, 6:46:05 PM;1780245965561;1780245965528;202;11833;images/frame-000006-1780245965561.jpg
7;5/31/2026, 6:46:06 PM;1780245966561;1780245966561;203;11938;images/frame-000007-1780245966561.jpg
8;5/31/2026, 6:46:07 PM;1780245967561;1780245967571;204;11956;images/frame-000008-1780245967561.jpg
9;5/31/2026, 6:46:08 PM;1780245968561;1780245968588;205;12009;images/frame-000009-1780245968561.jpg
10;5/31/2026, 6:46:09 PM;1780245969561;1780245969542;206;11840;images/frame-000010-1780245969561.jpg
11;5/31/2026, 6:46:10 PM;1780245970561;1780245970534;207;11904;images/frame-000011-1780245970561.jpg
12;5/31/2026, 6:46:11 PM;1780245971561;1780245971573;208;12026;images/frame-000012-1780245971561.jpg
13;5/31/2026, 6:46:12 PM;1780245972561;1780245972553;209;12029;images/frame-000013-1780245972561.jpg
14;5/31/2026, 6:46:13 PM;1780245973561;1780245973578;210;11992;images/frame-000014-1780245973561.jpg
15;5/31/2026, 6:46:14 PM;1780245974561;1780245974571;211;11980;images/frame-000015-1780245974561.jpg
16;5/31/2026, 6:46:15 PM;1780245975561;1780245975563;212;12004;images/frame-000016-1780245975561.jpg
17;5/31/2026, 6:46:16 PM;1780245976561;1780245976532;213;12005;images/frame-000017-1780245976561.jpg
18;5/31/2026, 6:46:17 PM;1780245977561;1780245977610;214;12083;images/frame-000018-1780245977561.jpg
19;5/31/2026, 6:46:18 PM;1780245978561;1780245978620;215;12007;images/frame-000019-1780245978561.jpg
20;5/31/2026, 6:46:19 PM;1780245979561;1780245979553;216;12021;images/frame-000020-1780245979561.jpg
21;5/31/2026, 6:46:20 PM;1780245980561;1780245980556;217;12020;images/frame-000021-1780245980561.jpg
22;5/31/2026, 6:46:21 PM;1780245981561;1780245981538;218;11987;images/frame-000022-1780245981561.jpg
23;5/31/2026, 6:46:22 PM;1780245982561;1780245982553;219;12032;images/frame-000023-1780245982561.jpg
24;5/31/2026, 6:46:23 PM;1780245983561;1780245983532;220;11985;images/frame-000024-1780245983561.jpg
25;5/31/2026, 6:46:24 PM;1780245984561;1780245984544;221;11967;images/frame-000025-1780245984561.jpg
26;5/31/2026, 6:46:25 PM;1780245985561;1780245985529;222;12010;images/frame-000026-1780245985561.jpg
27;5/31/2026, 6:46:26 PM;1780245986561;1780245986534;223;11993;images/frame-000027-1780245986561.jpg
28;5/31/2026, 6:46:27 PM;1780245987561;1780245987545;224;12040;images/frame-000028-1780245987561.jpg
29;5/31/2026, 6:46:28 PM;1780245988561;1780245988535;225;12048;images/frame-000029-1780245988561.jpg
30;5/31/2026, 6:46:29 PM;1780245989561;1780245989535;226;12039;images/frame-000030-1780245989561.jpg
31;5/31/2026, 6:46:30 PM;1780245990561;1780245990527;227;12004;images/frame-000031-1780245990561.jpg
32;5/31/2026, 6:46:31 PM;1780245991561;1780245991530;228;12032;images/frame-000032-1780245991561.jpg
33;5/31/2026, 6:46:32 PM;1780245992561;1780245992591;229;12023;images/frame-000033-1780245992561.jpg
34;5/31/2026, 6:46:33 PM;1780245993561;1780245993533;230;12036;images/frame-000034-1780245993561.jpg
35;5/31/2026, 6:46:34 PM;1780245994561;1780245994529;231;12026;images/frame-000035-1780245994561.jpg
36;5/31/2026, 6:46:35 PM;1780245995561;1780245995560;232;12013;images/frame-000036-1780245995561.jpg
37;5/31/2026, 6:46:36 PM;1780245996561;1780245996530;233;12025;images/frame-000037-1780245996561.jpg
38;5/31/2026, 6:46:37 PM;1780245997561;1780245997787;234;12035;images/frame-000038-1780245997561.jpg
39;5/31/2026, 6:46:38 PM;1780245998561;1780245998570;235;12032;images/frame-000039-1780245998561.jpg
40;5/31/2026, 6:46:39 PM;1780245999561;1780245999634;236;11998;images/frame-000040-1780245999561.jpg
41;5/31/2026, 6:46:40 PM;1780246000561;1780246000636;237;11976;images/frame-000041-1780246000561.jpg
42;5/31/2026, 6:46:41 PM;1780246001561;1780246001561;238;11992;images/frame-000042-1780246001561.jpg
43;5/31/2026, 6:46:42 PM;1780246002561;1780246002543;239;12033;images/frame-000043-1780246002561.jpg
44;5/31/2026, 6:46:43 PM;1780246003561;1780246003529;240;11947;images/frame-000044-1780246003561.jpg
45;5/31/2026, 6:46:44 PM;1780246004561;1780246004559;241;11938;images/frame-000045-1780246004561.jpg
46;5/31/2026, 6:46:45 PM;1780246005561;1780246005532;242;11935;images/frame-000046-1780246005561.jpg
47;5/31/2026, 6:46:46 PM;1780246006561;1780246006529;243;11955;images/frame-000047-1780246006561.jpg
48;5/31/2026, 6:46:47 PM;1780246007561;1780246007533;244;11969;images/frame-000048-1780246007561.jpg
49;5/31/2026, 6:46:48 PM;1780246008561;1780246008529;245;11967;images/frame-000049-1780246008561.jpg
50;5/31/2026, 6:46:49 PM;1780246009561;1780246009555;246;11968;images/frame-000050-1780246009561.jpg
51;5/31/2026, 6:46:50 PM;1780246010561;1780246010528;247;11926;images/frame-000051-1780246010561.jpg
52;5/31/2026, 6:46:51 PM;1780246011561;1780246011558;248;11975;images/frame-000052-1780246011561.jpg
53;5/31/2026, 6:46:52 PM;1780246012561;1780246012543;249;11994;images/frame-000053-1780246012561.jpg
54;5/31/2026, 6:46:53 PM;1780246013561;1780246013666;250;11995;images/frame-000054-1780246013561.jpg
55;5/31/2026, 6:46:54 PM;1780246014561;1780246014530;251;11982;images/frame-000055-1780246014561.jpg
56;5/31/2026, 6:46:55 PM;1780246015561;1780246015544;252;11939;images/frame-000056-1780246015561.jpg
57;5/31/2026, 6:46:56 PM;1780246016561;1780246016558;253;11964;images/frame-000057-1780246016561.jpg
58;5/31/2026, 6:46:57 PM;1780246017561;1780246017557;254;11935;images/frame-000058-1780246017561.jpg
59;5/31/2026, 6:46:58 PM;1780246018561;1780246018580;255;11956;images/frame-000059-1780246018561.jpg
60;5/31/2026, 6:46:59 PM;1780246019561;1780246019542;256;11956;images/frame-000060-1780246019561.jpg
61;5/31/2026, 6:47:00 PM;1780246020561;1780246020624;257;11937;images/frame-000061-1780246020561.jpg
62;5/31/2026, 6:47:01 PM;1780246021561;1780246021628;258;11969;images/frame-000062-1780246021561.jpg
63;5/31/2026, 6:47:02 PM;1780246022561;1780246023682;259;11980;images/frame-000063-1780246022561.jpg
64;5/31/2026, 6:47:03 PM;1780246023707;1780246023719;260;11995;images/frame-000064-1780246023707.jpg
65;5/31/2026, 6:47:04 PM;1780246024654;1780246024818;261;11987;images/frame-000065-1780246024654.jpg
66;5/31/2026, 6:47:05 PM;1780246025654;1780246025832;262;11965;images/frame-000066-1780246025654.jpg
67;5/31/2026, 6:47:34 PM;1780246054745;1780246054729;263;11969;images/frame-000067-1780246054745.jpg
68;5/31/2026, 6:47:35 PM;1780246055744;1780246055718;264;11987;images/frame-000068-1780246055744.jpg
69;5/31/2026, 6:47:36 PM;1780246056744;1780246056763;265;12010;images/frame-000069-1780246056744.jpg
70;5/31/2026, 6:47:37 PM;1780246057744;1780246057722;266;12056;images/frame-000070-1780246057744.jpg
71;5/31/2026, 6:47:38 PM;1780246058744;1780246058803;267;11993;images/frame-000071-1780246058744.jpg
72;5/31/2026, 6:47:39 PM;1780246059744;1780246059719;268;12072;images/frame-000072-1780246059744.jpg
73;5/31/2026, 6:47:40 PM;1780246060744;1780246060718;269;12024;images/frame-000073-1780246060744.jpg
74;5/31/2026, 6:47:41 PM;1780246061744;1780246061708;270;12050;images/frame-000074-1780246061744.jpg
75;5/31/2026, 6:47:42 PM;1780246062744;1780246062711;271;12038;images/frame-000075-1780246062744.jpg
76;5/31/2026, 6:47:43 PM;1780246063744;1780246063714;272;12070;images/frame-000076-1780246063744.jpg
77;5/31/2026, 6:47:44 PM;1780246064744;1780246064759;273;12059;images/frame-000077-1780246064744.jpg
78;5/31/2026, 6:47:45 PM;1780246065744;1780246065718;274;12005;images/frame-000078-1780246065744.jpg
79;5/31/2026, 6:47:46 PM;1780246066744;1780246066713;275;12050;images/frame-000079-1780246066744.jpg
80;5/31/2026, 6:47:47 PM;1780246067744;1780246067756;276;12042;images/frame-000080-1780246067744.jpg
81;5/31/2026, 6:47:48 PM;1780246068744;1780246068799;277;12075;images/frame-000081-1780246068744.jpg
82;5/31/2026, 6:47:49 PM;1780246069744;1780246069848;278;11923;images/frame-000082-1780246069744.jpg
83;5/31/2026, 6:47:50 PM;1780246070744;1780246070884;279;11991;images/frame-000083-1780246070744.jpg
84;5/31/2026, 6:47:51 PM;1780246071744;1780246071755;280;12075;images/frame-000084-1780246071744.jpg
85;5/31/2026, 6:47:52 PM;1780246072744;1780246072755;281;11975;images/frame-000085-1780246072744.jpg
86;5/31/2026, 6:47:53 PM;1780246073744;1780246073752;282;11992;images/frame-000086-1780246073744.jpg
87;5/31/2026, 6:47:54 PM;1780246074744;1780246074710;283;12004;images/frame-000087-1780246074744.jpg
88;5/31/2026, 6:47:55 PM;1780246075744;1780246075726;284;12052;images/frame-000088-1780246075744.jpg
89;5/31/2026, 6:47:56 PM;1780246076744;1780246076714;285;11815;images/frame-000089-1780246076744.jpg
90;5/31/2026, 6:47:57 PM;1780246077744;1780246077722;286;11867;images/frame-000090-1780246077744.jpg
91;5/31/2026, 6:47:58 PM;1780246078744;1780246078711;287;11857;images/frame-000091-1780246078744.jpg
92;5/31/2026, 6:47:59 PM;1780246079744;1780246079714;288;11830;images/frame-000092-1780246079744.jpg
93;5/31/2026, 6:48:00 PM;1780246080744;1780246080754;289;11846;images/frame-000093-1780246080744.jpg
94;5/31/2026, 6:48:01 PM;1780246081744;1780246081752;290;11836;images/frame-000094-1780246081744.jpg
95;5/31/2026, 6:48:02 PM;1780246082744;1780246082743;291;11874;images/frame-000095-1780246082744.jpg
96;5/31/2026, 6:48:03 PM;1780246083744;1780246083723;292;11797;images/frame-000096-1780246083744.jpg
97;5/31/2026, 6:48:04 PM;1780246084744;1780246084756;293;11810;images/frame-000097-1780246084744.jpg
98;5/31/2026, 6:48:05 PM;1780246085744;1780246085724;294;11873;images/frame-000098-1780246085744.jpg
99;5/31/2026, 6:48:06 PM;1780246086744;1780246086734;295;11829;images/frame-000099-1780246086744.jpg
100;5/31/2026, 6:48:07 PM;1780246087744;1780246087735;296;11827;images/frame-000100-1780246087744.jpg
101;5/31/2026, 6:48:08 PM;1780246088744;1780246088722;297;11847;images/frame-000101-1780246088744.jpg
102;5/31/2026, 6:48:09 PM;1780246089744;1780246089765;298;11825;images/frame-000102-1780246089744.jpg
103;5/31/2026, 6:48:10 PM;1780246090744;1780246090812;299;11886;images/frame-000103-1780246090744.jpg
104;5/31/2026, 6:48:11 PM;1780246091744;1780246091980;300;11846;images/frame-000104-1780246091744.jpg
105;5/31/2026, 6:48:12 PM;1780246092744;1780246092737;301;11878;images/frame-000105-1780246092744.jpg
106;5/31/2026, 6:48:13 PM;1780246093744;1780246093729;302;11873;images/frame-000106-1780246093744.jpg
107;5/31/2026, 6:48:14 PM;1780246094744;1780246094793;303;11863;images/frame-000107-1780246094744.jpg
108;5/31/2026, 6:48:15 PM;1780246095744;1780246095723;304;11886;images/frame-000108-1780246095744.jpg
109;5/31/2026, 6:48:16 PM;1780246096744;1780246096709;305;11838;images/frame-000109-1780246096744.jpg
110;5/31/2026, 6:48:17 PM;1780246097744;1780246097743;306;11848;images/frame-000110-1780246097744.jpg
111;5/31/2026, 6:48:18 PM;1780246098744;1780246098721;307;11832;images/frame-000111-1780246098744.jpg
112;5/31/2026, 6:48:19 PM;1780246099744;1780246099759;308;11848;images/frame-000112-1780246099744.jpg
113;5/31/2026, 6:48:20 PM;1780246100744;1780246100712;309;11852;images/frame-000113-1780246100744.jpg
114;5/31/2026, 6:48:21 PM;1780246101744;1780246101719;310;11854;images/frame-000114-1780246101744.jpg
115;5/31/2026, 6:48:22 PM;1780246102744;1780246102791;311;11862;images/frame-000115-1780246102744.jpg
116;5/31/2026, 6:48:23 PM;1780246103744;1780246103725;312;11844;images/frame-000116-1780246103744.jpg
117;5/31/2026, 6:48:24 PM;1780246104744;1780246104727;313;11814;images/frame-000117-1780246104744.jpg
118;5/31/2026, 6:48:25 PM;1780246105744;1780246105733;314;11836;images/frame-000118-1780246105744.jpg
119;5/31/2026, 6:48:26 PM;1780246106744;1780246106736;315;11864;images/frame-000119-1780246106744.jpg
120;5/31/2026, 6:48:27 PM;1780246107744;1780246107744;316;11831;images/frame-000120-1780246107744.jpg
121;5/31/2026, 6:48:28 PM;1780246108744;1780246108738;317;11869;images/frame-000121-1780246108744.jpg
122;5/31/2026, 6:48:29 PM;1780246109744;1780246109712;318;11848;images/frame-000122-1780246109744.jpg
123;5/31/2026, 6:48:30 PM;1780246110744;1780246110775;319;11870;images/frame-000123-1780246110744.jpg
124;5/31/2026, 6:48:31 PM;1780246111744;1780246111820;320;11866;images/frame-000124-1780246111744.jpg
125;5/31/2026, 6:48:32 PM;1780246112744;1780246112827;321;11839;images/frame-000125-1780246112744.jpg
126;5/31/2026, 6:48:33 PM;1780246113744;1780246113729;322;11850;images/frame-000126-1780246113744.jpg
127;5/31/2026, 6:48:34 PM;1780246114744;1780246114744;323;11841;images/frame-000127-1780246114744.jpg
128;5/31/2026, 6:48:35 PM;1780246115744;1780246115750;324;11791;images/frame-000128-1780246115744.jpg
129;5/31/2026, 6:48:36 PM;1780246116744;1780246116719;325;11873;images/frame-000129-1780246116744.jpg
130;5/31/2026, 6:48:37 PM;1780246117744;1780246117716;326;11810;images/frame-000130-1780246117744.jpg
